Metric ID,Metric Description,Grouping Level,Grouping Description,Region or Coverage Category,Age Inpatient Type,Year,Quarter,Numerator,Denominator,Rate,YTD Numerator,YTD Denominator,YTD Rate
3,30-Day MH Engagement in Care,2,COVERAGE CATEGORY,FFS,Adult-Art28 and 31,2018,Q1,653,2378,0.274600505,653,2378,0.274600505
3,30-Day MH Engagement in Care,2,COVERAGE CATEGORY,FFS,Youth-Art28 and 31,2018,Q1,174,490,0.355102041,174,490,0.355102041
3,30-Day MH Engagement in Care,4,COVERAGE CATEGORY BY PROVIDER REGION,FFS-NEW YORK CITY,Adult-Art28 and 31,2018,Q1,293,1400,0.209285714,293,1400,0.209285714
3,30-Day MH Engagement in Care,4,COVERAGE CATEGORY BY PROVIDER REGION,FFS-NEW YORK CITY,Youth-Art28 and 31,2018,Q1,68,227,0.299559471,68,227,0.299559471
3,30-Day MH Engagement in Care,4,COVERAGE CATEGORY BY PROVIDER REGION,FFS-REST OF STATE,Adult-Art28 and 31,2018,Q1,360,978,0.36809816,360,978,0.36809816
3,30-Day MH Engagement in Care,4,COVERAGE CATEGORY BY PROVIDER REGION,FFS-REST OF STATE,Youth-Art28 and 31,2018,Q1,106,263,0.403041825,106,263,0.403041825
3,30-Day MH Engagement in Care,2,COVERAGE CATEGORY,HARP,Adult-Art28 and 31,2018,Q1,1344,2285,0.588183807,1344,2285,0.588183807
3,30-Day MH Engagement in Care,4,COVERAGE CATEGORY BY PROVIDER REGION,HARP-NEW YORK CITY,Adult-Art28 and 31,2018,Q1,784,1344,0.583333333,784,1344,0.583333333
3,30-Day MH Engagement in Care,4,COVERAGE CATEGORY BY PROVIDER REGION,HARP-REST OF STATE,Adult-Art28 and 31,2018,Q1,560,941,0.595111583,560,941,0.595111583
3,30-Day MH Engagement in Care,2,COVERAGE CATEGORY,HIV SNP,Adult-Art28 and 31,2018,Q1,17,66,0.257575758,17,66,0.257575758
3,30-Day MH Engagement in Care,2,COVERAGE CATEGORY,HIV SNP,Youth-Art28 and 31,2018,Q1,1,1,1,1,1,1
3,30-Day MH Engagement in Care,4,COVERAGE CATEGORY BY PROVIDER REGION,HIV SNP-NEW YORK CITY,Adult-Art28 and 31,2018,Q1,17,66,0.257575758,17,66,0.257575758
3,30-Day MH Engagement in Care,4,COVERAGE CATEGORY BY PROVIDER REGION,HIV SNP-NEW YORK CITY,Youth-Art28 and 31,2018,Q1,1,1,1,1,1,1
3,30-Day MH Engagement in Care,2,COVERAGE CATEGORY,MAINSTREAM,Adult-Art28 and 31,2018,Q1,2087,3949,0.528488225,2087,3949,0.528488225
3,30-Day MH Engagement in Care,2,COVERAGE CATEGORY,MAINSTREAM,Youth-Art28 and 31,2018,Q1,1472,2205,0.667573696,1472,2205,0.667573696
3,30-Day MH Engagement in Care,4,COVERAGE CATEGORY BY PROVIDER REGION,MAINSTREAM-NEW YORK CITY,Adult-Art28 and 31,2018,Q1,943,1947,0.484334874,943,1947,0.484334874
3,30-Day MH Engagement in Care,4,COVERAGE CATEGORY BY PROVIDER REGION,MAINSTREAM-NEW YORK CITY,Youth-Art28 and 31,2018,Q1,667,1012,0.659090909,667,1012,0.659090909
3,30-Day MH Engagement in Care,4,COVERAGE CATEGORY BY PROVIDER REGION,MAINSTREAM-REST OF STATE,Adult-Art28 and 31,2018,Q1,1144,2002,0.571428571,1144,2002,0.571428571
3,30-Day MH Engagement in Care,4,COVERAGE CATEGORY BY PROVIDER REGION,MAINSTREAM-REST OF STATE,Youth-Art28 and 31,2018,Q1,805,1193,0.674769489,805,1193,0.674769489
3,30-Day MH Engagement in Care,3,PROVIDER REGION,NEW YORK CITY,Adult-Art28 and 31,2018,Q1,2037,4757,0.428211057,2037,4757,0.428211057
3,30-Day MH Engagement in Care,3,PROVIDER REGION,NEW YORK CITY,Youth-Art28 and 31,2018,Q1,736,1240,0.593548387,736,1240,0.593548387
3,30-Day MH Engagement in Care,3,PROVIDER REGION,REST OF STATE,Adult-Art28 and 31,2018,Q1,2064,3921,0.526396327,2064,3921,0.526396327
3,30-Day MH Engagement in Care,3,PROVIDER REGION,REST OF STATE,Youth-Art28 and 31,2018,Q1,911,1456,0.625686813,911,1456,0.625686813
3,30-Day MH Engagement in Care,1,STATEWIDE,STATEWIDE,Adult-Art28 and 31,2018,Q1,4101,8678,0.472574326,4101,8678,0.472574326
3,30-Day MH Engagement in Care,1,STATEWIDE,STATEWIDE,Youth-Art28 and 31,2018,Q1,1647,2696,0.610905045,1647,2696,0.610905045
3,30-Day MH Engagement in Care,2,COVERAGE CATEGORY,FFS,Adult-Art28 and 31,2018,Q2,659,2398,0.274812344,1312,4776,0.274706868
3,30-Day MH Engagement in Care,2,COVERAGE CATEGORY,FFS,Youth-Art28 and 31,2018,Q2,169,465,0.36344086,343,955,0.359162304
3,30-Day MH Engagement in Care,4,COVERAGE CATEGORY BY PROVIDER REGION,FFS-NEW YORK CITY,Adult-Art28 and 31,2018,Q2,292,1421,0.205489092,585,2821,0.207373272
3,30-Day MH Engagement in Care,4,COVERAGE CATEGORY BY PROVIDER REGION,FFS-NEW YORK CITY,Youth-Art28 and 31,2018,Q2,73,227,0.321585903,141,454,0.310572687
3,30-Day MH Engagement in Care,4,COVERAGE CATEGORY BY PROVIDER REGION,FFS-REST OF STATE,Adult-Art28 and 31,2018,Q2,367,977,0.375639713,727,1955,0.371867008
3,30-Day MH Engagement in Care,4,COVERAGE CATEGORY BY PROVIDER REGION,FFS-REST OF STATE,Youth-Art28 and 31,2018,Q2,96,238,0.403361345,202,501,0.403193613
3,30-Day MH Engagement in Care,2,COVERAGE CATEGORY,HARP,Adult-Art28 and 31,2018,Q2,1292,2330,0.554506438,2636,4615,0.571180932
3,30-Day MH Engagement in Care,4,COVERAGE CATEGORY BY PROVIDER REGION,HARP-NEW YORK CITY,Adult-Art28 and 31,2018,Q2,712,1319,0.539802881,1496,2663,0.561772437
3,30-Day MH Engagement in Care,4,COVERAGE CATEGORY BY PROVIDER REGION,HARP-REST OF STATE,Adult-Art28 and 31,2018,Q2,580,1011,0.573689416,1140,1952,0.584016393
3,30-Day MH Engagement in Care,2,COVERAGE CATEGORY,HIV SNP,Adult-Art28 and 31,2018,Q2,18,95,0.189473684,35,161,0.217391304
3,30-Day MH Engagement in Care,2,COVERAGE CATEGORY,HIV SNP,Youth-Art28 and 31,2018,Q2,0,2,0,1,3,0.333333333
3,30-Day MH Engagement in Care,4,COVERAGE CATEGORY BY PROVIDER REGION,HIV SNP-NEW YORK CITY,Adult-Art28 and 31,2018,Q2,18,95,0.189473684,35,161,0.217391304
3,30-Day MH Engagement in Care,4,COVERAGE CATEGORY BY PROVIDER REGION,HIV SNP-NEW YORK CITY,Youth-Art28 and 31,2018,Q2,0,2,0,1,3,0.333333333
3,30-Day MH Engagement in Care,2,COVERAGE CATEGORY,MAINSTREAM,Adult-Art28 and 31,2018,Q2,2041,4081,0.500122519,4128,8030,0.514072229
3,30-Day MH Engagement in Care,2,COVERAGE CATEGORY,MAINSTREAM,Youth-Art28 and 31,2018,Q2,1354,2091,0.647537064,2826,4296,0.657821229
3,30-Day MH Engagement in Care,4,COVERAGE CATEGORY BY PROVIDER REGION,MAINSTREAM-NEW YORK CITY,Adult-Art28 and 31,2018,Q2,926,2044,0.453033268,1869,3991,0.468303683
3,30-Day MH Engagement in Care,4,COVERAGE CATEGORY BY PROVIDER REGION,MAINSTREAM-NEW YORK CITY,Youth-Art28 and 31,2018,Q2,614,982,0.625254582,1281,1994,0.642427282
3,30-Day MH Engagement in Care,4,COVERAGE CATEGORY BY PROVIDER REGION,MAINSTREAM-REST OF STATE,Adult-Art28 and 31,2018,Q2,1115,2037,0.547373589,2259,4039,0.559296856
3,30-Day MH Engagement in Care,4,COVERAGE CATEGORY BY PROVIDER REGION,MAINSTREAM-REST OF STATE,Youth-Art28 and 31,2018,Q2,740,1109,0.667267809,1545,2302,0.671155517
3,30-Day MH Engagement in Care,3,PROVIDER REGION,NEW YORK CITY,Adult-Art28 and 31,2018,Q2,1948,4879,0.399262144,3985,9636,0.413553342
3,30-Day MH Engagement in Care,3,PROVIDER REGION,NEW YORK CITY,Youth-Art28 and 31,2018,Q2,687,1211,0.567299752,1423,2451,0.580579355
3,30-Day MH Engagement in Care,3,PROVIDER REGION,REST OF STATE,Adult-Art28 and 31,2018,Q2,2062,4025,0.512298137,4126,7946,0.519254971
3,30-Day MH Engagement in Care,3,PROVIDER REGION,REST OF STATE,Youth-Art28 and 31,2018,Q2,836,1347,0.620638456,1747,2803,0.623260792
3,30-Day MH Engagement in Care,1,STATEWIDE,STATEWIDE,Adult-Art28 and 31,2018,Q2,4010,8904,0.450359389,8111,17582,0.461324081
3,30-Day MH Engagement in Care,1,STATEWIDE,STATEWIDE,Youth-Art28 and 31,2018,Q2,1523,2558,0.595387021,3170,5254,0.603349829
3,30-Day MH Engagement in Care,2,COVERAGE CATEGORY,FFS,Adult-Art28 and 31,2018,Q3,581,2383,0.243810323,1893,7159,0.264422405
3,30-Day MH Engagement in Care,2,COVERAGE CATEGORY,FFS,Youth-Art28 and 31,2018,Q3,120,401,0.29925187,463,1356,0.341445428
3,30-Day MH Engagement in Care,4,COVERAGE CATEGORY BY PROVIDER REGION,FFS-NEW YORK CITY,Adult-Art28 and 31,2018,Q3,256,1386,0.184704185,841,4207,0.19990492
3,30-Day MH Engagement in Care,4,COVERAGE CATEGORY BY PROVIDER REGION,FFS-NEW YORK CITY,Youth-Art28 and 31,2018,Q3,38,181,0.209944751,179,635,0.281889764
3,30-Day MH Engagement in Care,4,COVERAGE CATEGORY BY PROVIDER REGION,FFS-REST OF STATE,Adult-Art28 and 31,2018,Q3,325,997,0.325977934,1052,2952,0.356368564
3,30-Day MH Engagement in Care,4,COVERAGE CATEGORY BY PROVIDER REGION,FFS-REST OF STATE,Youth-Art28 and 31,2018,Q3,82,220,0.372727273,284,721,0.393897365
3,30-Day MH Engagement in Care,2,COVERAGE CATEGORY,HARP,Adult-Art28 and 31,2018,Q3,1484,2723,0.544987147,4120,7338,0.561460889
3,30-Day MH Engagement in Care,4,COVERAGE CATEGORY BY PROVIDER REGION,HARP-NEW YORK CITY,Adult-Art28 and 31,2018,Q3,790,1519,0.520078999,2286,4182,0.546628407
3,30-Day MH Engagement in Care,4,COVERAGE CATEGORY BY PROVIDER REGION,HARP-REST OF STATE,Adult-Art28 and 31,2018,Q3,694,1204,0.57641196,1834,3156,0.581115336
3,30-Day MH Engagement in Care,2,COVERAGE CATEGORY,HIV SNP,Adult-Art28 and 31,2018,Q3,18,80,0.225,53,241,0.219917012
3,30-Day MH Engagement in Care,4,COVERAGE CATEGORY BY PROVIDER REGION,HIV SNP-NEW YORK CITY,Adult-Art28 and 31,2018,Q3,18,80,0.225,53,241,0.219917012
3,30-Day MH Engagement in Care,2,COVERAGE CATEGORY,MAINSTREAM,Adult-Art28 and 31,2018,Q3,1861,3686,0.504883342,5989,11716,0.511181291
3,30-Day MH Engagement in Care,2,COVERAGE CATEGORY,MAINSTREAM,Youth-Art28 and 31,2018,Q3,920,1510,0.609271523,3746,5806,0.645194626
3,30-Day MH Engagement in Care,4,COVERAGE CATEGORY BY PROVIDER REGION,MAINSTREAM-NEW YORK CITY,Adult-Art28 and 31,2018,Q3,818,1745,0.468767908,2687,5736,0.468444909
3,30-Day MH Engagement in Care,4,COVERAGE CATEGORY BY PROVIDER REGION,MAINSTREAM-NEW YORK CITY,Youth-Art28 and 31,2018,Q3,422,704,0.599431818,1703,2698,0.631208302
3,30-Day MH Engagement in Care,4,COVERAGE CATEGORY BY PROVIDER REGION,MAINSTREAM-REST OF STATE,Adult-Art28 and 31,2018,Q3,1043,1941,0.53735188,3302,5980,0.552173913
3,30-Day MH Engagement in Care,4,COVERAGE CATEGORY BY PROVIDER REGION,MAINSTREAM-REST OF STATE,Youth-Art28 and 31,2018,Q3,498,806,0.617866005,2043,3108,0.657335907
3,30-Day MH Engagement in Care,3,PROVIDER REGION,NEW YORK CITY,Adult-Art28 and 31,2018,Q3,1882,4730,0.397885835,5867,14366,0.408394821
3,30-Day MH Engagement in Care,3,PROVIDER REGION,NEW YORK CITY,Youth-Art28 and 31,2018,Q3,460,885,0.519774011,1883,3336,0.564448441
3,30-Day MH Engagement in Care,3,PROVIDER REGION,REST OF STATE,Adult-Art28 and 31,2018,Q3,2062,4142,0.497827137,6188,12088,0.511912641
3,30-Day MH Engagement in Care,3,PROVIDER REGION,REST OF STATE,Youth-Art28 and 31,2018,Q3,580,1026,0.565302144,2327,3829,0.607730478
3,30-Day MH Engagement in Care,1,STATEWIDE,STATEWIDE,Adult-Art28 and 31,2018,Q3,3944,8872,0.444544635,12055,26454,0.455696681
3,30-Day MH Engagement in Care,1,STATEWIDE,STATEWIDE,Youth-Art28 and 31,2018,Q3,1040,1911,0.544217687,4210,7165,0.587578507
3,30-Day MH Engagement in Care,2,COVERAGE CATEGORY,FFS,Adult-Art28 and 31,2018,Q4,631,2195,0.287471526,2524,9354,0.269831088
3,30-Day MH Engagement in Care,2,COVERAGE CATEGORY,FFS,Youth-Art28 and 31,2018,Q4,157,441,0.35600907,620,1797,0.345019477
3,30-Day MH Engagement in Care,4,COVERAGE CATEGORY BY PROVIDER REGION,FFS-NEW YORK CITY,Adult-Art28 and 31,2018,Q4,254,1228,0.206840391,1095,5435,0.201471941
3,30-Day MH Engagement in Care,4,COVERAGE CATEGORY BY PROVIDER REGION,FFS-NEW YORK CITY,Youth-Art28 and 31,2018,Q4,67,225,0.297777778,246,860,0.286046512
3,30-Day MH Engagement in Care,4,COVERAGE CATEGORY BY PROVIDER REGION,FFS-REST OF STATE,Adult-Art28 and 31,2018,Q4,377,967,0.389865564,1429,3919,0.364633835
3,30-Day MH Engagement in Care,4,COVERAGE CATEGORY BY PROVIDER REGION,FFS-REST OF STATE,Youth-Art28 and 31,2018,Q4,90,216,0.416666667,374,937,0.399146211
3,30-Day MH Engagement in Care,2,COVERAGE CATEGORY,HARP,Adult-Art28 and 31,2018,Q4,1358,2553,0.531923228,5478,9891,0.553836821
3,30-Day MH Engagement in Care,4,COVERAGE CATEGORY BY PROVIDER REGION,HARP-NEW YORK CITY,Adult-Art28 and 31,2018,Q4,764,1506,0.507304117,3050,5688,0.536216596
3,30-Day MH Engagement in Care,4,COVERAGE CATEGORY BY PROVIDER REGION,HARP-REST OF STATE,Adult-Art28 and 31,2018,Q4,594,1047,0.567335244,2428,4203,0.577682608
3,30-Day MH Engagement in Care,2,COVERAGE CATEGORY,HIV SNP,Adult-Art28 and 31,2018,Q4,19,81,0.234567901,72,322,0.223602484
3,30-Day MH Engagement in Care,4,COVERAGE CATEGORY BY PROVIDER REGION,HIV SNP-NEW YORK CITY,Adult-Art28 and 31,2018,Q4,19,81,0.234567901,72,322,0.223602484
3,30-Day MH Engagement in Care,2,COVERAGE CATEGORY,MAINSTREAM,Adult-Art28 and 31,2018,Q4,1701,3425,0.496642336,7690,15141,0.507892477
3,30-Day MH Engagement in Care,2,COVERAGE CATEGORY,MAINSTREAM,Youth-Art28 and 31,2018,Q4,1282,2048,0.625976563,5028,7854,0.640183346
3,30-Day MH Engagement in Care,4,COVERAGE CATEGORY BY PROVIDER REGION,MAINSTREAM-NEW YORK CITY,Adult-Art28 and 31,2018,Q4,782,1676,0.466587112,3469,7412,0.468024825
3,30-Day MH Engagement in Care,4,COVERAGE CATEGORY BY PROVIDER REGION,MAINSTREAM-NEW YORK CITY,Youth-Art28 and 31,2018,Q4,579,958,0.604384134,2282,3656,0.624179431
3,30-Day MH Engagement in Care,4,COVERAGE CATEGORY BY PROVIDER REGION,MAINSTREAM-REST OF STATE,Adult-Art28 and 31,2018,Q4,919,1749,0.52544311,4221,7729,0.546124984
3,30-Day MH Engagement in Care,4,COVERAGE CATEGORY BY PROVIDER REGION,MAINSTREAM-REST OF STATE,Youth-Art28 and 31,2018,Q4,703,1090,0.644954128,2746,4198,0.65412101
3,30-Day MH Engagement in Care,3,PROVIDER REGION,NEW YORK CITY,Adult-Art28 and 31,2018,Q4,1819,4491,0.405032287,7686,18857,0.407593997
3,30-Day MH Engagement in Care,3,PROVIDER REGION,NEW YORK CITY,Youth-Art28 and 31,2018,Q4,646,1183,0.546069315,2529,4519,0.559637088
3,30-Day MH Engagement in Care,3,PROVIDER REGION,REST OF STATE,Adult-Art28 and 31,2018,Q4,1890,3763,0.502258836,8078,15851,0.509620844
3,30-Day MH Engagement in Care,3,PROVIDER REGION,REST OF STATE,Youth-Art28 and 31,2018,Q4,793,1306,0.60719755,3120,5135,0.607594937
3,30-Day MH Engagement in Care,1,STATEWIDE,STATEWIDE,Adult-Art28 and 31,2018,Q4,3709,8254,0.449357887,15764,34708,0.454189236
3,30-Day MH Engagement in Care,1,STATEWIDE,STATEWIDE,Youth-Art28 and 31,2018,Q4,1439,2489,0.578143833,5649,9654,0.585146053
3,30-Day MH Engagement in Care,2,COVERAGE CATEGORY,FFS,Adult-Art28 and 31,2017,Q1,659,2470,0.266801619,659,2470,0.266801619
3,30-Day MH Engagement in Care,2,COVERAGE CATEGORY,FFS,Youth-Art28 and 31,2017,Q1,181,520,0.348076923,181,520,0.348076923
3,30-Day MH Engagement in Care,4,COVERAGE CATEGORY BY PROVIDER REGION,FFS-NEW YORK CITY,Adult-Art28 and 31,2017,Q1,281,1397,0.201145311,281,1397,0.201145311
3,30-Day MH Engagement in Care,4,COVERAGE CATEGORY BY PROVIDER REGION,FFS-NEW YORK CITY,Youth-Art28 and 31,2017,Q1,72,244,0.295081967,72,244,0.295081967
3,30-Day MH Engagement in Care,4,COVERAGE CATEGORY BY PROVIDER REGION,FFS-REST OF STATE,Adult-Art28 and 31,2017,Q1,378,1073,0.352283318,378,1073,0.352283318
3,30-Day MH Engagement in Care,4,COVERAGE CATEGORY BY PROVIDER REGION,FFS-REST OF STATE,Youth-Art28 and 31,2017,Q1,109,276,0.394927536,109,276,0.394927536
3,30-Day MH Engagement in Care,2,COVERAGE CATEGORY,HARP,Adult-Art28 and 31,2017,Q1,1081,1911,0.565672423,1081,1911,0.565672423
3,30-Day MH Engagement in Care,4,COVERAGE CATEGORY BY PROVIDER REGION,HARP-NEW YORK CITY,Adult-Art28 and 31,2017,Q1,652,1194,0.546063652,652,1194,0.546063652
3,30-Day MH Engagement in Care,4,COVERAGE CATEGORY BY PROVIDER REGION,HARP-REST OF STATE,Adult-Art28 and 31,2017,Q1,429,717,0.59832636,429,717,0.59832636
3,30-Day MH Engagement in Care,2,COVERAGE CATEGORY,HIV SNP,Adult-Art28 and 31,2017,Q1,20,92,0.217391304,20,92,0.217391304
3,30-Day MH Engagement in Care,4,COVERAGE CATEGORY BY PROVIDER REGION,HIV SNP-NEW YORK CITY,Adult-Art28 and 31,2017,Q1,20,92,0.217391304,20,92,0.217391304
3,30-Day MH Engagement in Care,2,COVERAGE CATEGORY,MAINSTREAM,Adult-Art28 and 31,2017,Q1,2169,4258,0.509394082,2169,4258,0.509394082
3,30-Day MH Engagement in Care,2,COVERAGE CATEGORY,MAINSTREAM,Youth-Art28 and 31,2017,Q1,1387,2111,0.657034581,1387,2111,0.657034581
3,30-Day MH Engagement in Care,4,COVERAGE CATEGORY BY PROVIDER REGION,MAINSTREAM-NEW YORK CITY,Adult-Art28 and 31,2017,Q1,961,2035,0.472235872,961,2035,0.472235872
3,30-Day MH Engagement in Care,4,COVERAGE CATEGORY BY PROVIDER REGION,MAINSTREAM-NEW YORK CITY,Youth-Art28 and 31,2017,Q1,658,1027,0.640701071,658,1027,0.640701071
3,30-Day MH Engagement in Care,4,COVERAGE CATEGORY BY PROVIDER REGION,MAINSTREAM-REST OF STATE,Adult-Art28 and 31,2017,Q1,1208,2223,0.543409807,1208,2223,0.543409807
3,30-Day MH Engagement in Care,4,COVERAGE CATEGORY BY PROVIDER REGION,MAINSTREAM-REST OF STATE,Youth-Art28 and 31,2017,Q1,729,1084,0.672509225,729,1084,0.672509225
3,30-Day MH Engagement in Care,3,PROVIDER REGION,NEW YORK CITY,Adult-Art28 and 31,2017,Q1,1914,4718,0.405680373,1914,4718,0.405680373
3,30-Day MH Engagement in Care,3,PROVIDER REGION,NEW YORK CITY,Youth-Art28 and 31,2017,Q1,730,1271,0.574350905,730,1271,0.574350905
3,30-Day MH Engagement in Care,3,PROVIDER REGION,REST OF STATE,Adult-Art28 and 31,2017,Q1,2015,4013,0.502118116,2015,4013,0.502118116
3,30-Day MH Engagement in Care,3,PROVIDER REGION,REST OF STATE,Youth-Art28 and 31,2017,Q1,838,1360,0.616176471,838,1360,0.616176471
3,30-Day MH Engagement in Care,1,STATEWIDE,STATEWIDE,Adult-Art28 and 31,2017,Q1,3929,8731,0.450005727,3929,8731,0.450005727
3,30-Day MH Engagement in Care,1,STATEWIDE,STATEWIDE,Youth-Art28 and 31,2017,Q1,1568,2631,0.595971114,1568,2631,0.595971114
3,30-Day MH Engagement in Care,2,COVERAGE CATEGORY,FFS,Adult-Art28 and 31,2017,Q2,686,2649,0.258965647,1345,5119,0.26274663
3,30-Day MH Engagement in Care,2,COVERAGE CATEGORY,FFS,Youth-Art28 and 31,2017,Q2,173,540,0.32037037,354,1060,0.333962264
3,30-Day MH Engagement in Care,4,COVERAGE CATEGORY BY PROVIDER REGION,FFS-NEW YORK CITY,Adult-Art28 and 31,2017,Q2,301,1536,0.195963542,582,2933,0.19843164
3,30-Day MH Engagement in Care,4,COVERAGE CATEGORY BY PROVIDER REGION,FFS-NEW YORK CITY,Youth-Art28 and 31,2017,Q2,72,268,0.268656716,144,512,0.28125
3,30-Day MH Engagement in Care,4,COVERAGE CATEGORY BY PROVIDER REGION,FFS-REST OF STATE,Adult-Art28 and 31,2017,Q2,385,1113,0.34591195,763,2186,0.349039341
3,30-Day MH Engagement in Care,4,COVERAGE CATEGORY BY PROVIDER REGION,FFS-REST OF STATE,Youth-Art28 and 31,2017,Q2,101,272,0.371323529,210,548,0.383211679
3,30-Day MH Engagement in Care,2,COVERAGE CATEGORY,HARP,Adult-Art28 and 31,2017,Q2,1149,2144,0.535914179,2230,4055,0.549938348
3,30-Day MH Engagement in Care,4,COVERAGE CATEGORY BY PROVIDER REGION,HARP-NEW YORK CITY,Adult-Art28 and 31,2017,Q2,674,1330,0.506766917,1326,2524,0.525356577
3,30-Day MH Engagement in Care,4,COVERAGE CATEGORY BY PROVIDER REGION,HARP-REST OF STATE,Adult-Art28 and 31,2017,Q2,475,814,0.583538084,904,1531,0.590463749
3,30-Day MH Engagement in Care,2,COVERAGE CATEGORY,HIV SNP,Adult-Art28 and 31,2017,Q2,23,76,0.302631579,43,168,0.255952381
3,30-Day MH Engagement in Care,4,COVERAGE CATEGORY BY PROVIDER REGION,HIV SNP-NEW YORK CITY,Adult-Art28 and 31,2017,Q2,23,76,0.302631579,43,168,0.255952381
3,30-Day MH Engagement in Care,2,COVERAGE CATEGORY,MAINSTREAM,Adult-Art28 and 31,2017,Q2,2180,4364,0.499541705,4349,8622,0.50440733
3,30-Day MH Engagement in Care,2,COVERAGE CATEGORY,MAINSTREAM,Youth-Art28 and 31,2017,Q2,1418,2236,0.634168157,2805,4347,0.645272602
3,30-Day MH Engagement in Care,4,COVERAGE CATEGORY BY PROVIDER REGION,MAINSTREAM-NEW YORK CITY,Adult-Art28 and 31,2017,Q2,977,2059,0.474502186,1938,4094,0.473375672
3,30-Day MH Engagement in Care,4,COVERAGE CATEGORY BY PROVIDER REGION,MAINSTREAM-NEW YORK CITY,Youth-Art28 and 31,2017,Q2,632,1040,0.607692308,1290,2067,0.624092888
3,30-Day MH Engagement in Care,4,COVERAGE CATEGORY BY PROVIDER REGION,MAINSTREAM-REST OF STATE,Adult-Art28 and 31,2017,Q2,1203,2305,0.521908894,2411,4528,0.532464664
3,30-Day MH Engagement in Care,4,COVERAGE CATEGORY BY PROVIDER REGION,MAINSTREAM-REST OF STATE,Youth-Art28 and 31,2017,Q2,786,1196,0.657190635,1515,2280,0.664473684
3,30-Day MH Engagement in Care,3,PROVIDER REGION,NEW YORK CITY,Adult-Art28 and 31,2017,Q2,1975,5001,0.394921016,3889,9719,0.400144048
3,30-Day MH Engagement in Care,3,PROVIDER REGION,NEW YORK CITY,Youth-Art28 and 31,2017,Q2,704,1308,0.5382263,1434,2579,0.556029469
3,30-Day MH Engagement in Care,3,PROVIDER REGION,REST OF STATE,Adult-Art28 and 31,2017,Q2,2063,4232,0.487476371,4078,8245,0.49460279
3,30-Day MH Engagement in Care,3,PROVIDER REGION,REST OF STATE,Youth-Art28 and 31,2017,Q2,887,1468,0.604223433,1725,2828,0.609971711
3,30-Day MH Engagement in Care,1,STATEWIDE,STATEWIDE,Adult-Art28 and 31,2017,Q2,4038,9233,0.437344308,7967,17964,0.443498107
3,30-Day MH Engagement in Care,1,STATEWIDE,STATEWIDE,Youth-Art28 and 31,2017,Q2,1591,2776,0.573126801,3159,5407,0.584242648
3,30-Day MH Engagement in Care,2,COVERAGE CATEGORY,FFS,Adult-Art28 and 31,2017,Q3,628,2514,0.249801114,1973,7633,0.258482903
3,30-Day MH Engagement in Care,2,COVERAGE CATEGORY,FFS,Youth-Art28 and 31,2017,Q3,124,427,0.290398126,478,1487,0.321452589
3,30-Day MH Engagement in Care,4,COVERAGE CATEGORY BY PROVIDER REGION,FFS-NEW YORK CITY,Adult-Art28 and 31,2017,Q3,289,1488,0.19422043,871,4421,0.19701425
3,30-Day MH Engagement in Care,4,COVERAGE CATEGORY BY PROVIDER REGION,FFS-NEW YORK CITY,Youth-Art28 and 31,2017,Q3,56,221,0.253393665,200,733,0.272851296
3,30-Day MH Engagement in Care,4,COVERAGE CATEGORY BY PROVIDER REGION,FFS-REST OF STATE,Adult-Art28 and 31,2017,Q3,339,1026,0.330409357,1102,3212,0.343088418
3,30-Day MH Engagement in Care,4,COVERAGE CATEGORY BY PROVIDER REGION,FFS-REST OF STATE,Youth-Art28 and 31,2017,Q3,68,206,0.330097087,278,754,0.368700265
3,30-Day MH Engagement in Care,2,COVERAGE CATEGORY,HARP,Adult-Art28 and 31,2017,Q3,1246,2196,0.567395264,3476,6251,0.556071029
3,30-Day MH Engagement in Care,4,COVERAGE CATEGORY BY PROVIDER REGION,HARP-NEW YORK CITY,Adult-Art28 and 31,2017,Q3,742,1334,0.556221889,2068,3858,0.536029031
3,30-Day MH Engagement in Care,4,COVERAGE CATEGORY BY PROVIDER REGION,HARP-REST OF STATE,Adult-Art28 and 31,2017,Q3,504,862,0.584686775,1408,2393,0.588382783
3,30-Day MH Engagement in Care,2,COVERAGE CATEGORY,HIV SNP,Adult-Art28 and 31,2017,Q3,19,88,0.215909091,62,256,0.2421875
3,30-Day MH Engagement in Care,4,COVERAGE CATEGORY BY PROVIDER REGION,HIV SNP-NEW YORK CITY,Adult-Art28 and 31,2017,Q3,19,88,0.215909091,62,256,0.2421875
3,30-Day MH Engagement in Care,2,COVERAGE CATEGORY,MAINSTREAM,Adult-Art28 and 31,2017,Q3,2263,4410,0.513151927,6612,13032,0.507366483
3,30-Day MH Engagement in Care,2,COVERAGE CATEGORY,MAINSTREAM,Youth-Art28 and 31,2017,Q3,985,1608,0.612562189,3790,5955,0.636439966
3,30-Day MH Engagement in Care,4,COVERAGE CATEGORY BY PROVIDER REGION,MAINSTREAM-NEW YORK CITY,Adult-Art28 and 31,2017,Q3,984,2026,0.485686081,2922,6120,0.47745098
3,30-Day MH Engagement in Care,4,COVERAGE CATEGORY BY PROVIDER REGION,MAINSTREAM-NEW YORK CITY,Youth-Art28 and 31,2017,Q3,464,779,0.59563543,1754,2846,0.616303584
3,30-Day MH Engagement in Care,4,COVERAGE CATEGORY BY PROVIDER REGION,MAINSTREAM-REST OF STATE,Adult-Art28 and 31,2017,Q3,1279,2384,0.536493289,3690,6912,0.533854167
3,30-Day MH Engagement in Care,4,COVERAGE CATEGORY BY PROVIDER REGION,MAINSTREAM-REST OF STATE,Youth-Art28 and 31,2017,Q3,521,829,0.628468034,2036,3109,0.65487295
3,30-Day MH Engagement in Care,3,PROVIDER REGION,NEW YORK CITY,Adult-Art28 and 31,2017,Q3,2034,4936,0.412074554,5923,14655,0.404162402
3,30-Day MH Engagement in Care,3,PROVIDER REGION,NEW YORK CITY,Youth-Art28 and 31,2017,Q3,520,1000,0.52,1954,3579,0.545962559
3,30-Day MH Engagement in Care,3,PROVIDER REGION,REST OF STATE,Adult-Art28 and 31,2017,Q3,2122,4272,0.496722846,6200,12517,0.495326356
3,30-Day MH Engagement in Care,3,PROVIDER REGION,REST OF STATE,Youth-Art28 and 31,2017,Q3,589,1035,0.569082126,2314,3863,0.599016309
3,30-Day MH Engagement in Care,1,STATEWIDE,STATEWIDE,Adult-Art28 and 31,2017,Q3,4156,9208,0.451346655,12123,27172,0.44615781
3,30-Day MH Engagement in Care,1,STATEWIDE,STATEWIDE,Youth-Art28 and 31,2017,Q3,1109,2035,0.544963145,4268,7442,0.573501747
3,30-Day MH Engagement in Care,2,COVERAGE CATEGORY,FFS,Adult-Art28 and 31,2017,Q4,582,2403,0.242197253,2555,10036,0.254583499
3,30-Day MH Engagement in Care,2,COVERAGE CATEGORY,FFS,Youth-Art28 and 31,2017,Q4,168,501,0.335329341,646,1988,0.324949698
3,30-Day MH Engagement in Care,4,COVERAGE CATEGORY BY PROVIDER REGION,FFS-NEW YORK CITY,Adult-Art28 and 31,2017,Q4,248,1454,0.170563961,1119,5875,0.190468085
3,30-Day MH Engagement in Care,4,COVERAGE CATEGORY BY PROVIDER REGION,FFS-NEW YORK CITY,Youth-Art28 and 31,2017,Q4,68,248,0.274193548,268,981,0.273190622
3,30-Day MH Engagement in Care,4,COVERAGE CATEGORY BY PROVIDER REGION,FFS-REST OF STATE,Adult-Art28 and 31,2017,Q4,334,949,0.35194942,1436,4161,0.345109349
3,30-Day MH Engagement in Care,4,COVERAGE CATEGORY BY PROVIDER REGION,FFS-REST OF STATE,Youth-Art28 and 31,2017,Q4,100,253,0.395256917,378,1007,0.375372393
3,30-Day MH Engagement in Care,2,COVERAGE CATEGORY,HARP,Adult-Art28 and 31,2017,Q4,1167,2098,0.556244042,4643,8349,0.556114505
3,30-Day MH Engagement in Care,4,COVERAGE CATEGORY BY PROVIDER REGION,HARP-NEW YORK CITY,Adult-Art28 and 31,2017,Q4,681,1262,0.539619651,2749,5120,0.536914063
3,30-Day MH Engagement in Care,4,COVERAGE CATEGORY BY PROVIDER REGION,HARP-REST OF STATE,Adult-Art28 and 31,2017,Q4,486,836,0.581339713,1894,3229,0.586559306
3,30-Day MH Engagement in Care,2,COVERAGE CATEGORY,HIV SNP,Adult-Art28 and 31,2017,Q4,22,85,0.258823529,84,341,0.246334311
3,30-Day MH Engagement in Care,4,COVERAGE CATEGORY BY PROVIDER REGION,HIV SNP-NEW YORK CITY,Adult-Art28 and 31,2017,Q4,22,85,0.258823529,84,341,0.246334311
3,30-Day MH Engagement in Care,2,COVERAGE CATEGORY,MAINSTREAM,Adult-Art28 and 31,2017,Q4,1908,3973,0.480241631,8520,17005,0.501029109
3,30-Day MH Engagement in Care,2,COVERAGE CATEGORY,MAINSTREAM,Youth-Art28 and 31,2017,Q4,1409,2199,0.640745794,5199,8154,0.637601177
3,30-Day MH Engagement in Care,4,COVERAGE CATEGORY BY PROVIDER REGION,MAINSTREAM-NEW YORK CITY,Adult-Art28 and 31,2017,Q4,914,1965,0.465139949,3836,8085,0.474458874
3,30-Day MH Engagement in Care,4,COVERAGE CATEGORY BY PROVIDER REGION,MAINSTREAM-NEW YORK CITY,Youth-Art28 and 31,2017,Q4,610,1011,0.603363007,2364,3857,0.612911589
3,30-Day MH Engagement in Care,4,COVERAGE CATEGORY BY PROVIDER REGION,MAINSTREAM-REST OF STATE,Adult-Art28 and 31,2017,Q4,994,2008,0.49501992,4684,8920,0.525112108
3,30-Day MH Engagement in Care,4,COVERAGE CATEGORY BY PROVIDER REGION,MAINSTREAM-REST OF STATE,Youth-Art28 and 31,2017,Q4,799,1188,0.672558923,2835,4297,0.659762625
3,30-Day MH Engagement in Care,3,PROVIDER REGION,NEW YORK CITY,Adult-Art28 and 31,2017,Q4,1865,4766,0.39131347,7788,19421,0.401009217
3,30-Day MH Engagement in Care,3,PROVIDER REGION,NEW YORK CITY,Youth-Art28 and 31,2017,Q4,678,1259,0.538522637,2632,4838,0.544026457
3,30-Day MH Engagement in Care,3,PROVIDER REGION,REST OF STATE,Adult-Art28 and 31,2017,Q4,1814,3793,0.478249407,8014,16310,0.491354997
3,30-Day MH Engagement in Care,3,PROVIDER REGION,REST OF STATE,Youth-Art28 and 31,2017,Q4,899,1441,0.623872311,3213,5304,0.605769231
3,30-Day MH Engagement in Care,1,STATEWIDE,STATEWIDE,Adult-Art28 and 31,2017,Q4,3679,8559,0.429839935,15802,35731,0.442249027
3,30-Day MH Engagement in Care,1,STATEWIDE,STATEWIDE,Youth-Art28 and 31,2017,Q4,1577,2700,0.584074074,5845,10142,0.576316308
3,30-Day MH Engagement in Care,2,COVERAGE CATEGORY,FFS,Adult-Art28 and 31,2016,Q1,803,2913,0.275660831,803,2913,0.275660831
3,30-Day MH Engagement in Care,2,COVERAGE CATEGORY,FFS,Youth-Art28 and 31,2016,Q1,184,545,0.337614679,184,545,0.337614679
3,30-Day MH Engagement in Care,4,COVERAGE CATEGORY BY PROVIDER REGION,FFS-NEW YORK CITY,Adult-Art28 and 31,2016,Q1,339,1599,0.212007505,339,1599,0.212007505
3,30-Day MH Engagement in Care,4,COVERAGE CATEGORY BY PROVIDER REGION,FFS-NEW YORK CITY,Youth-Art28 and 31,2016,Q1,72,262,0.27480916,72,262,0.27480916
3,30-Day MH Engagement in Care,4,COVERAGE CATEGORY BY PROVIDER REGION,FFS-REST OF STATE,Adult-Art28 and 31,2016,Q1,464,1314,0.353120244,464,1314,0.353120244
3,30-Day MH Engagement in Care,4,COVERAGE CATEGORY BY PROVIDER REGION,FFS-REST OF STATE,Youth-Art28 and 31,2016,Q1,112,283,0.395759717,112,283,0.395759717
3,30-Day MH Engagement in Care,2,COVERAGE CATEGORY,HARP,Adult-Art28 and 31,2016,Q1,543,978,0.555214724,543,978,0.555214724
3,30-Day MH Engagement in Care,4,COVERAGE CATEGORY BY PROVIDER REGION,HARP-NEW YORK CITY,Adult-Art28 and 31,2016,Q1,543,978,0.555214724,543,978,0.555214724
3,30-Day MH Engagement in Care,2,COVERAGE CATEGORY,HIV SNP,Adult-Art28 and 31,2016,Q1,14,70,0.2,14,70,0.2
3,30-Day MH Engagement in Care,4,COVERAGE CATEGORY BY PROVIDER REGION,HIV SNP-NEW YORK CITY,Adult-Art28 and 31,2016,Q1,14,70,0.2,14,70,0.2
3,30-Day MH Engagement in Care,2,COVERAGE CATEGORY,MAINSTREAM,Adult-Art28 and 31,2016,Q1,2305,4705,0.489904357,2305,4705,0.489904357
3,30-Day MH Engagement in Care,2,COVERAGE CATEGORY,MAINSTREAM,Youth-Art28 and 31,2016,Q1,1107,1811,0.611264495,1107,1811,0.611264495
3,30-Day MH Engagement in Care,4,COVERAGE CATEGORY BY PROVIDER REGION,MAINSTREAM-NEW YORK CITY,Adult-Art28 and 31,2016,Q1,908,2005,0.45286783,908,2005,0.45286783
3,30-Day MH Engagement in Care,4,COVERAGE CATEGORY BY PROVIDER REGION,MAINSTREAM-NEW YORK CITY,Youth-Art28 and 31,2016,Q1,521,844,0.617298578,521,844,0.617298578
3,30-Day MH Engagement in Care,4,COVERAGE CATEGORY BY PROVIDER REGION,MAINSTREAM-REST OF STATE,Adult-Art28 and 31,2016,Q1,1397,2700,0.517407407,1397,2700,0.517407407
3,30-Day MH Engagement in Care,4,COVERAGE CATEGORY BY PROVIDER REGION,MAINSTREAM-REST OF STATE,Youth-Art28 and 31,2016,Q1,586,967,0.605997932,586,967,0.605997932
3,30-Day MH Engagement in Care,3,PROVIDER REGION,NEW YORK CITY,Adult-Art28 and 31,2016,Q1,1804,4652,0.387790198,1804,4652,0.387790198
3,30-Day MH Engagement in Care,3,PROVIDER REGION,NEW YORK CITY,Youth-Art28 and 31,2016,Q1,593,1106,0.536166365,593,1106,0.536166365
3,30-Day MH Engagement in Care,3,PROVIDER REGION,REST OF STATE,Adult-Art28 and 31,2016,Q1,1861,4014,0.463627304,1861,4014,0.463627304
3,30-Day MH Engagement in Care,3,PROVIDER REGION,REST OF STATE,Youth-Art28 and 31,2016,Q1,698,1250,0.5584,698,1250,0.5584
3,30-Day MH Engagement in Care,1,STATEWIDE,STATEWIDE,Adult-Art28 and 31,2016,Q1,3665,8666,0.422917147,3665,8666,0.422917147
3,30-Day MH Engagement in Care,1,STATEWIDE,STATEWIDE,Youth-Art28 and 31,2016,Q1,1291,2356,0.547962649,1291,2356,0.547962649
3,30-Day MH Engagement in Care,2,COVERAGE CATEGORY,FFS,Adult-Art28 and 31,2016,Q2,724,2738,0.264426589,1527,5651,0.270217661
3,30-Day MH Engagement in Care,2,COVERAGE CATEGORY,FFS,Youth-Art28 and 31,2016,Q2,166,523,0.317399618,350,1068,0.327715356
3,30-Day MH Engagement in Care,4,COVERAGE CATEGORY BY PROVIDER REGION,FFS-NEW YORK CITY,Adult-Art28 and 31,2016,Q2,300,1536,0.1953125,639,3135,0.203827751
3,30-Day MH Engagement in Care,4,COVERAGE CATEGORY BY PROVIDER REGION,FFS-NEW YORK CITY,Youth-Art28 and 31,2016,Q2,59,255,0.231372549,131,517,0.253384913
3,30-Day MH Engagement in Care,4,COVERAGE CATEGORY BY PROVIDER REGION,FFS-REST OF STATE,Adult-Art28 and 31,2016,Q2,424,1202,0.352745424,888,2516,0.352941176
3,30-Day MH Engagement in Care,4,COVERAGE CATEGORY BY PROVIDER REGION,FFS-REST OF STATE,Youth-Art28 and 31,2016,Q2,107,268,0.399253731,219,551,0.397459165
3,30-Day MH Engagement in Care,2,COVERAGE CATEGORY,HARP,Adult-Art28 and 31,2016,Q2,598,1090,0.548623853,1141,2068,0.551740812
3,30-Day MH Engagement in Care,4,COVERAGE CATEGORY BY PROVIDER REGION,HARP-NEW YORK CITY,Adult-Art28 and 31,2016,Q2,598,1090,0.548623853,1141,2068,0.551740812
3,30-Day MH Engagement in Care,2,COVERAGE CATEGORY,HIV SNP,Adult-Art28 and 31,2016,Q2,24,85,0.282352941,38,155,0.24516129
3,30-Day MH Engagement in Care,4,COVERAGE CATEGORY BY PROVIDER REGION,HIV SNP-NEW YORK CITY,Adult-Art28 and 31,2016,Q2,24,85,0.282352941,38,155,0.24516129
3,30-Day MH Engagement in Care,2,COVERAGE CATEGORY,MAINSTREAM,Adult-Art28 and 31,2016,Q2,2511,5064,0.495853081,4816,9769,0.492988023
3,30-Day MH Engagement in Care,2,COVERAGE CATEGORY,MAINSTREAM,Youth-Art28 and 31,2016,Q2,1289,2127,0.606017866,2396,3938,0.608430675
3,30-Day MH Engagement in Care,4,COVERAGE CATEGORY BY PROVIDER REGION,MAINSTREAM-NEW YORK CITY,Adult-Art28 and 31,2016,Q2,1045,2182,0.478918423,1953,4187,0.466443754
3,30-Day MH Engagement in Care,4,COVERAGE CATEGORY BY PROVIDER REGION,MAINSTREAM-NEW YORK CITY,Youth-Art28 and 31,2016,Q2,621,1029,0.603498542,1142,1873,0.609717032
3,30-Day MH Engagement in Care,4,COVERAGE CATEGORY BY PROVIDER REGION,MAINSTREAM-REST OF STATE,Adult-Art28 and 31,2016,Q2,1466,2882,0.508674532,2863,5582,0.512898603
3,30-Day MH Engagement in Care,4,COVERAGE CATEGORY BY PROVIDER REGION,MAINSTREAM-REST OF STATE,Youth-Art28 and 31,2016,Q2,668,1098,0.608378871,1254,2065,0.607263923
3,30-Day MH Engagement in Care,3,PROVIDER REGION,NEW YORK CITY,Adult-Art28 and 31,2016,Q2,1967,4893,0.402002861,3771,9545,0.395075956
3,30-Day MH Engagement in Care,3,PROVIDER REGION,NEW YORK CITY,Youth-Art28 and 31,2016,Q2,680,1284,0.529595016,1273,2390,0.532635983
3,30-Day MH Engagement in Care,3,PROVIDER REGION,REST OF STATE,Adult-Art28 and 31,2016,Q2,1890,4084,0.462781587,3751,8098,0.46320079
3,30-Day MH Engagement in Care,3,PROVIDER REGION,REST OF STATE,Youth-Art28 and 31,2016,Q2,775,1366,0.567349927,1473,2616,0.563073394
3,30-Day MH Engagement in Care,1,STATEWIDE,STATEWIDE,Adult-Art28 and 31,2016,Q2,3857,8977,0.429653559,7522,17643,0.426344726
3,30-Day MH Engagement in Care,1,STATEWIDE,STATEWIDE,Youth-Art28 and 31,2016,Q2,1455,2650,0.549056604,2746,5006,0.54854175
3,30-Day MH Engagement in Care,2,COVERAGE CATEGORY,FFS,Adult-Art28 and 31,2016,Q3,680,2692,0.252600297,2207,8343,0.264533142
3,30-Day MH Engagement in Care,2,COVERAGE CATEGORY,FFS,Youth-Art28 and 31,2016,Q3,153,482,0.317427386,503,1550,0.324516129
3,30-Day MH Engagement in Care,4,COVERAGE CATEGORY BY PROVIDER REGION,FFS-NEW YORK CITY,Adult-Art28 and 31,2016,Q3,280,1487,0.188298588,919,4622,0.198831675
3,30-Day MH Engagement in Care,4,COVERAGE CATEGORY BY PROVIDER REGION,FFS-NEW YORK CITY,Youth-Art28 and 31,2016,Q3,74,250,0.296,205,767,0.267275098
3,30-Day MH Engagement in Care,4,COVERAGE CATEGORY BY PROVIDER REGION,FFS-REST OF STATE,Adult-Art28 and 31,2016,Q3,400,1205,0.331950207,1288,3721,0.34614351
3,30-Day MH Engagement in Care,4,COVERAGE CATEGORY BY PROVIDER REGION,FFS-REST OF STATE,Youth-Art28 and 31,2016,Q3,79,232,0.340517241,298,783,0.380587484
3,30-Day MH Engagement in Care,2,COVERAGE CATEGORY,HARP,Adult-Art28 and 31,2016,Q3,888,1608,0.552238806,2029,3676,0.551958651
3,30-Day MH Engagement in Care,4,COVERAGE CATEGORY BY PROVIDER REGION,HARP-NEW YORK CITY,Adult-Art28 and 31,2016,Q3,569,1082,0.525878004,1710,3150,0.542857143
3,30-Day MH Engagement in Care,4,COVERAGE CATEGORY BY PROVIDER REGION,HARP-REST OF STATE,Adult-Art28 and 31,2016,Q3,319,526,0.606463878,319,526,0.606463878
3,30-Day MH Engagement in Care,2,COVERAGE CATEGORY,HIV SNP,Adult-Art28 and 31,2016,Q3,25,91,0.274725275,63,246,0.256097561
3,30-Day MH Engagement in Care,4,COVERAGE CATEGORY BY PROVIDER REGION,HIV SNP-NEW YORK CITY,Adult-Art28 and 31,2016,Q3,25,91,0.274725275,63,246,0.256097561
3,30-Day MH Engagement in Care,2,COVERAGE CATEGORY,MAINSTREAM,Adult-Art28 and 31,2016,Q3,2200,4588,0.47951177,7016,14357,0.488681479
3,30-Day MH Engagement in Care,2,COVERAGE CATEGORY,MAINSTREAM,Youth-Art28 and 31,2016,Q3,978,1617,0.604823748,3374,5555,0.607380738
3,30-Day MH Engagement in Care,4,COVERAGE CATEGORY BY PROVIDER REGION,MAINSTREAM-NEW YORK CITY,Adult-Art28 and 31,2016,Q3,962,2126,0.452492944,2915,6313,0.461745604
3,30-Day MH Engagement in Care,4,COVERAGE CATEGORY BY PROVIDER REGION,MAINSTREAM-NEW YORK CITY,Youth-Art28 and 31,2016,Q3,427,757,0.564068692,1569,2630,0.596577947
3,30-Day MH Engagement in Care,4,COVERAGE CATEGORY BY PROVIDER REGION,MAINSTREAM-REST OF STATE,Adult-Art28 and 31,2016,Q3,1238,2462,0.502843217,4101,8044,0.509820985
3,30-Day MH Engagement in Care,4,COVERAGE CATEGORY BY PROVIDER REGION,MAINSTREAM-REST OF STATE,Youth-Art28 and 31,2016,Q3,551,860,0.640697674,1805,2925,0.617094017
3,30-Day MH Engagement in Care,3,PROVIDER REGION,NEW YORK CITY,Adult-Art28 and 31,2016,Q3,1836,4786,0.383618888,5607,14331,0.391249738
3,30-Day MH Engagement in Care,3,PROVIDER REGION,NEW YORK CITY,Youth-Art28 and 31,2016,Q3,501,1007,0.497517378,1774,3397,0.522225493
3,30-Day MH Engagement in Care,3,PROVIDER REGION,REST OF STATE,Adult-Art28 and 31,2016,Q3,1957,4193,0.466730265,5708,12291,0.464404849
3,30-Day MH Engagement in Care,3,PROVIDER REGION,REST OF STATE,Youth-Art28 and 31,2016,Q3,630,1092,0.576923077,2103,3708,0.567152104
3,30-Day MH Engagement in Care,1,STATEWIDE,STATEWIDE,Adult-Art28 and 31,2016,Q3,3793,8979,0.422430115,11315,26622,0.425024416
3,30-Day MH Engagement in Care,1,STATEWIDE,STATEWIDE,Youth-Art28 and 31,2016,Q3,1131,2099,0.538828013,3877,7105,0.545672062
3,30-Day MH Engagement in Care,2,COVERAGE CATEGORY,FFS,Adult-Art28 and 31,2016,Q4,574,2366,0.24260355,2781,10709,0.259688113
3,30-Day MH Engagement in Care,2,COVERAGE CATEGORY,FFS,Youth-Art28 and 31,2016,Q4,160,499,0.320641283,663,2049,0.323572474
3,30-Day MH Engagement in Care,4,COVERAGE CATEGORY BY PROVIDER REGION,FFS-NEW YORK CITY,Adult-Art28 and 31,2016,Q4,242,1367,0.177029993,1161,5989,0.193855402
3,30-Day MH Engagement in Care,4,COVERAGE CATEGORY BY PROVIDER REGION,FFS-NEW YORK CITY,Youth-Art28 and 31,2016,Q4,68,237,0.286919831,273,1004,0.271912351
3,30-Day MH Engagement in Care,4,COVERAGE CATEGORY BY PROVIDER REGION,FFS-REST OF STATE,Adult-Art28 and 31,2016,Q4,332,999,0.332332332,1620,4720,0.343220339
3,30-Day MH Engagement in Care,4,COVERAGE CATEGORY BY PROVIDER REGION,FFS-REST OF STATE,Youth-Art28 and 31,2016,Q4,92,262,0.351145038,390,1045,0.373205742
3,30-Day MH Engagement in Care,2,COVERAGE CATEGORY,HARP,Adult-Art28 and 31,2016,Q4,958,1781,0.537900056,2987,5457,0.54737035
3,30-Day MH Engagement in Care,4,COVERAGE CATEGORY BY PROVIDER REGION,HARP-NEW YORK CITY,Adult-Art28 and 31,2016,Q4,611,1106,0.55244123,2321,4256,0.545347744
3,30-Day MH Engagement in Care,4,COVERAGE CATEGORY BY PROVIDER REGION,HARP-REST OF STATE,Adult-Art28 and 31,2016,Q4,347,675,0.514074074,666,1201,0.554537885
3,30-Day MH Engagement in Care,2,COVERAGE CATEGORY,HIV SNP,Adult-Art28 and 31,2016,Q4,15,72,0.208333333,78,318,0.245283019
3,30-Day MH Engagement in Care,4,COVERAGE CATEGORY BY PROVIDER REGION,HIV SNP-NEW YORK CITY,Adult-Art28 and 31,2016,Q4,15,72,0.208333333,78,318,0.245283019
3,30-Day MH Engagement in Care,2,COVERAGE CATEGORY,MAINSTREAM,Adult-Art28 and 31,2016,Q4,2031,4080,0.497794118,9047,18437,0.490698053
3,30-Day MH Engagement in Care,2,COVERAGE CATEGORY,MAINSTREAM,Youth-Art28 and 31,2016,Q4,1270,2000,0.635,4644,7555,0.614692257
3,30-Day MH Engagement in Care,4,COVERAGE CATEGORY BY PROVIDER REGION,MAINSTREAM-NEW YORK CITY,Adult-Art28 and 31,2016,Q4,995,2068,0.481141199,3910,8381,0.46653144
3,30-Day MH Engagement in Care,4,COVERAGE CATEGORY BY PROVIDER REGION,MAINSTREAM-NEW YORK CITY,Youth-Art28 and 31,2016,Q4,608,964,0.630705394,2177,3594,0.605731775
3,30-Day MH Engagement in Care,4,COVERAGE CATEGORY BY PROVIDER REGION,MAINSTREAM-REST OF STATE,Adult-Art28 and 31,2016,Q4,1036,2012,0.514910537,5137,10056,0.5108393
3,30-Day MH Engagement in Care,4,COVERAGE CATEGORY BY PROVIDER REGION,MAINSTREAM-REST OF STATE,Youth-Art28 and 31,2016,Q4,662,1036,0.638996139,2467,3961,0.62282252
3,30-Day MH Engagement in Care,3,PROVIDER REGION,NEW YORK CITY,Adult-Art28 and 31,2016,Q4,1863,4613,0.40385866,7470,18944,0.394320101
3,30-Day MH Engagement in Care,3,PROVIDER REGION,NEW YORK CITY,Youth-Art28 and 31,2016,Q4,676,1201,0.56286428,2450,4598,0.532840365
3,30-Day MH Engagement in Care,3,PROVIDER REGION,REST OF STATE,Adult-Art28 and 31,2016,Q4,1715,3686,0.46527401,7423,15977,0.46460537
3,30-Day MH Engagement in Care,3,PROVIDER REGION,REST OF STATE,Youth-Art28 and 31,2016,Q4,754,1298,0.580893683,2857,5006,0.570715142
3,30-Day MH Engagement in Care,1,STATEWIDE,STATEWIDE,Adult-Art28 and 31,2016,Q4,3578,8299,0.431136281,14893,34921,0.426476905
3,30-Day MH Engagement in Care,1,STATEWIDE,STATEWIDE,Youth-Art28 and 31,2016,Q4,1430,2499,0.572228892,5307,9604,0.552582257
3,30-Day MH Engagement in Care,2,COVERAGE CATEGORY,FFS,Adult-Art28 and 31,2015,Q1,757,2764,0.273878437,757,2764,0.273878437
3,30-Day MH Engagement in Care,2,COVERAGE CATEGORY,FFS,Youth-Art28 and 31,2015,Q1,204,631,0.323296355,204,631,0.323296355
3,30-Day MH Engagement in Care,4,COVERAGE CATEGORY BY PROVIDER REGION,FFS-NEW YORK CITY,Adult-Art28 and 31,2015,Q1,364,1607,0.226509023,364,1607,0.226509023
3,30-Day MH Engagement in Care,4,COVERAGE CATEGORY BY PROVIDER REGION,FFS-NEW YORK CITY,Youth-Art28 and 31,2015,Q1,81,320,0.253125,81,320,0.253125
3,30-Day MH Engagement in Care,4,COVERAGE CATEGORY BY PROVIDER REGION,FFS-REST OF STATE,Adult-Art28 and 31,2015,Q1,393,1157,0.339671564,393,1157,0.339671564
3,30-Day MH Engagement in Care,4,COVERAGE CATEGORY BY PROVIDER REGION,FFS-REST OF STATE,Youth-Art28 and 31,2015,Q1,123,311,0.395498392,123,311,0.395498392
3,30-Day MH Engagement in Care,2,COVERAGE CATEGORY,HIV SNP,Adult-Art28 and 31,2015,Q1,28,73,0.383561644,28,73,0.383561644
3,30-Day MH Engagement in Care,4,COVERAGE CATEGORY BY PROVIDER REGION,HIV SNP-NEW YORK CITY,Adult-Art28 and 31,2015,Q1,28,73,0.383561644,28,73,0.383561644
3,30-Day MH Engagement in Care,2,COVERAGE CATEGORY,MAINSTREAM,Adult-Art28 and 31,2015,Q1,2848,5527,0.515288583,2848,5527,0.515288583
3,30-Day MH Engagement in Care,2,COVERAGE CATEGORY,MAINSTREAM,Youth-Art28 and 31,2015,Q1,1262,2001,0.630684658,1262,2001,0.630684658
3,30-Day MH Engagement in Care,4,COVERAGE CATEGORY BY PROVIDER REGION,MAINSTREAM-NEW YORK CITY,Adult-Art28 and 31,2015,Q1,1508,2991,0.504179204,1508,2991,0.504179204
3,30-Day MH Engagement in Care,4,COVERAGE CATEGORY BY PROVIDER REGION,MAINSTREAM-NEW YORK CITY,Youth-Art28 and 31,2015,Q1,654,1055,0.619905213,654,1055,0.619905213
3,30-Day MH Engagement in Care,4,COVERAGE CATEGORY BY PROVIDER REGION,MAINSTREAM-REST OF STATE,Adult-Art28 and 31,2015,Q1,1340,2536,0.528391167,1340,2536,0.528391167
3,30-Day MH Engagement in Care,4,COVERAGE CATEGORY BY PROVIDER REGION,MAINSTREAM-REST OF STATE,Youth-Art28 and 31,2015,Q1,608,946,0.642706131,608,946,0.642706131
3,30-Day MH Engagement in Care,3,PROVIDER REGION,NEW YORK CITY,Adult-Art28 and 31,2015,Q1,1900,4671,0.406765147,1900,4671,0.406765147
3,30-Day MH Engagement in Care,3,PROVIDER REGION,NEW YORK CITY,Youth-Art28 and 31,2015,Q1,735,1375,0.534545455,735,1375,0.534545455
3,30-Day MH Engagement in Care,3,PROVIDER REGION,REST OF STATE,Adult-Art28 and 31,2015,Q1,1733,3693,0.469266179,1733,3693,0.469266179
3,30-Day MH Engagement in Care,3,PROVIDER REGION,REST OF STATE,Youth-Art28 and 31,2015,Q1,731,1257,0.581543357,731,1257,0.581543357
3,30-Day MH Engagement in Care,1,STATEWIDE,STATEWIDE,Adult-Art28 and 31,2015,Q1,3633,8364,0.434361549,3633,8364,0.434361549
3,30-Day MH Engagement in Care,1,STATEWIDE,STATEWIDE,Youth-Art28 and 31,2015,Q1,1466,2632,0.556990881,1466,2632,0.556990881
3,30-Day MH Engagement in Care,2,COVERAGE CATEGORY,FFS,Adult-Art28 and 31,2015,Q2,737,2893,0.254752852,1494,5657,0.264097578
3,30-Day MH Engagement in Care,2,COVERAGE CATEGORY,FFS,Youth-Art28 and 31,2015,Q2,192,643,0.298600311,396,1274,0.310832025
3,30-Day MH Engagement in Care,4,COVERAGE CATEGORY BY PROVIDER REGION,FFS-NEW YORK CITY,Adult-Art28 and 31,2015,Q2,364,1680,0.216666667,728,3287,0.221478552
3,30-Day MH Engagement in Care,4,COVERAGE CATEGORY BY PROVIDER REGION,FFS-NEW YORK CITY,Youth-Art28 and 31,2015,Q2,90,350,0.257142857,171,670,0.255223881
3,30-Day MH Engagement in Care,4,COVERAGE CATEGORY BY PROVIDER REGION,FFS-REST OF STATE,Adult-Art28 and 31,2015,Q2,373,1213,0.307502061,766,2370,0.323206751
3,30-Day MH Engagement in Care,4,COVERAGE CATEGORY BY PROVIDER REGION,FFS-REST OF STATE,Youth-Art28 and 31,2015,Q2,102,293,0.348122867,225,604,0.372516556
3,30-Day MH Engagement in Care,2,COVERAGE CATEGORY,HIV SNP,Adult-Art28 and 31,2015,Q2,28,71,0.394366197,56,144,0.388888889
3,30-Day MH Engagement in Care,4,COVERAGE CATEGORY BY PROVIDER REGION,HIV SNP-NEW YORK CITY,Adult-Art28 and 31,2015,Q2,28,71,0.394366197,56,144,0.388888889
3,30-Day MH Engagement in Care,2,COVERAGE CATEGORY,MAINSTREAM,Adult-Art28 and 31,2015,Q2,2860,5904,0.484417344,5708,11431,0.499343889
3,30-Day MH Engagement in Care,2,COVERAGE CATEGORY,MAINSTREAM,Youth-Art28 and 31,2015,Q2,1318,2146,0.61416589,2580,4147,0.622136484
3,30-Day MH Engagement in Care,4,COVERAGE CATEGORY BY PROVIDER REGION,MAINSTREAM-NEW YORK CITY,Adult-Art28 and 31,2015,Q2,1517,3204,0.473470662,3025,6195,0.488297014
3,30-Day MH Engagement in Care,4,COVERAGE CATEGORY BY PROVIDER REGION,MAINSTREAM-NEW YORK CITY,Youth-Art28 and 31,2015,Q2,653,1079,0.605189991,1307,2134,0.612464855
3,30-Day MH Engagement in Care,4,COVERAGE CATEGORY BY PROVIDER REGION,MAINSTREAM-REST OF STATE,Adult-Art28 and 31,2015,Q2,1343,2700,0.497407407,2683,5236,0.512414057
3,30-Day MH Engagement in Care,4,COVERAGE CATEGORY BY PROVIDER REGION,MAINSTREAM-REST OF STATE,Youth-Art28 and 31,2015,Q2,665,1067,0.623242737,1273,2013,0.632389468
3,30-Day MH Engagement in Care,3,PROVIDER REGION,NEW YORK CITY,Adult-Art28 and 31,2015,Q2,1909,4955,0.385267407,3809,9626,0.395699148
3,30-Day MH Engagement in Care,3,PROVIDER REGION,NEW YORK CITY,Youth-Art28 and 31,2015,Q2,743,1429,0.519944017,1478,2804,0.527104137
3,30-Day MH Engagement in Care,3,PROVIDER REGION,REST OF STATE,Adult-Art28 and 31,2015,Q2,1716,3913,0.438538206,3449,7606,0.453457796
3,30-Day MH Engagement in Care,3,PROVIDER REGION,REST OF STATE,Youth-Art28 and 31,2015,Q2,767,1360,0.563970588,1498,2617,0.572411158
3,30-Day MH Engagement in Care,1,STATEWIDE,STATEWIDE,Adult-Art28 and 31,2015,Q2,3625,8868,0.408773117,7258,17232,0.421193129
3,30-Day MH Engagement in Care,1,STATEWIDE,STATEWIDE,Youth-Art28 and 31,2015,Q2,1510,2789,0.541412693,2976,5421,0.548976204
3,30-Day MH Engagement in Care,2,COVERAGE CATEGORY,FFS,Adult-Art28 and 31,2015,Q3,711,2911,0.244245964,2205,8568,0.257352941
3,30-Day MH Engagement in Care,2,COVERAGE CATEGORY,FFS,Youth-Art28 and 31,2015,Q3,198,605,0.327272727,594,1879,0.316125599
3,30-Day MH Engagement in Care,4,COVERAGE CATEGORY BY PROVIDER REGION,FFS-NEW YORK CITY,Adult-Art28 and 31,2015,Q3,345,1734,0.198961938,1073,5021,0.21370245
3,30-Day MH Engagement in Care,4,COVERAGE CATEGORY BY PROVIDER REGION,FFS-NEW YORK CITY,Youth-Art28 and 31,2015,Q3,80,319,0.250783699,251,989,0.253791709
3,30-Day MH Engagement in Care,4,COVERAGE CATEGORY BY PROVIDER REGION,FFS-REST OF STATE,Adult-Art28 and 31,2015,Q3,366,1177,0.310960068,1132,3547,0.319142938
3,30-Day MH Engagement in Care,4,COVERAGE CATEGORY BY PROVIDER REGION,FFS-REST OF STATE,Youth-Art28 and 31,2015,Q3,118,286,0.412587413,343,890,0.385393258
3,30-Day MH Engagement in Care,2,COVERAGE CATEGORY,HIV SNP,Adult-Art28 and 31,2015,Q3,19,77,0.246753247,75,221,0.339366516
3,30-Day MH Engagement in Care,4,COVERAGE CATEGORY BY PROVIDER REGION,HIV SNP-NEW YORK CITY,Adult-Art28 and 31,2015,Q3,19,77,0.246753247,75,221,0.339366516
3,30-Day MH Engagement in Care,2,COVERAGE CATEGORY,MAINSTREAM,Adult-Art28 and 31,2015,Q3,2797,6067,0.461018625,8505,17498,0.486055549
3,30-Day MH Engagement in Care,2,COVERAGE CATEGORY,MAINSTREAM,Youth-Art28 and 31,2015,Q3,838,1557,0.538214515,3418,5704,0.599228612
3,30-Day MH Engagement in Care,4,COVERAGE CATEGORY BY PROVIDER REGION,MAINSTREAM-NEW YORK CITY,Adult-Art28 and 31,2015,Q3,1422,3174,0.448015123,4447,9369,0.474650443
3,30-Day MH Engagement in Care,4,COVERAGE CATEGORY BY PROVIDER REGION,MAINSTREAM-NEW YORK CITY,Youth-Art28 and 31,2015,Q3,395,758,0.521108179,1702,2892,0.588520055
3,30-Day MH Engagement in Care,4,COVERAGE CATEGORY BY PROVIDER REGION,MAINSTREAM-REST OF STATE,Adult-Art28 and 31,2015,Q3,1375,2893,0.475285171,4058,8129,0.499200394
3,30-Day MH Engagement in Care,4,COVERAGE CATEGORY BY PROVIDER REGION,MAINSTREAM-REST OF STATE,Youth-Art28 and 31,2015,Q3,443,799,0.554443054,1716,2812,0.610241821
3,30-Day MH Engagement in Care,3,PROVIDER REGION,NEW YORK CITY,Adult-Art28 and 31,2015,Q3,1786,4985,0.358274824,5595,14611,0.382930669
3,30-Day MH Engagement in Care,3,PROVIDER REGION,NEW YORK CITY,Youth-Art28 and 31,2015,Q3,475,1077,0.441039926,1953,3881,0.503220819
3,30-Day MH Engagement in Care,3,PROVIDER REGION,REST OF STATE,Adult-Art28 and 31,2015,Q3,1741,4070,0.427764128,5190,11676,0.444501542
3,30-Day MH Engagement in Care,3,PROVIDER REGION,REST OF STATE,Youth-Art28 and 31,2015,Q3,561,1085,0.517050691,2059,3702,0.556185845
3,30-Day MH Engagement in Care,1,STATEWIDE,STATEWIDE,Adult-Art28 and 31,2015,Q3,3527,9055,0.389508559,10785,26287,0.410278845
3,30-Day MH Engagement in Care,1,STATEWIDE,STATEWIDE,Youth-Art28 and 31,2015,Q3,1036,2162,0.479185939,4012,7583,0.529078201
3,30-Day MH Engagement in Care,2,COVERAGE CATEGORY,FFS,Adult-Art28 and 31,2015,Q4,678,2875,0.235826087,2883,11443,0.25194442
3,30-Day MH Engagement in Care,2,COVERAGE CATEGORY,FFS,Youth-Art28 and 31,2015,Q4,200,616,0.324675325,794,2495,0.318236473
3,30-Day MH Engagement in Care,4,COVERAGE CATEGORY BY PROVIDER REGION,FFS-NEW YORK CITY,Adult-Art28 and 31,2015,Q4,320,1706,0.187573271,1393,6727,0.207075963
3,30-Day MH Engagement in Care,4,COVERAGE CATEGORY BY PROVIDER REGION,FFS-NEW YORK CITY,Youth-Art28 and 31,2015,Q4,91,327,0.278287462,342,1316,0.259878419
3,30-Day MH Engagement in Care,4,COVERAGE CATEGORY BY PROVIDER REGION,FFS-REST OF STATE,Adult-Art28 and 31,2015,Q4,358,1169,0.306244654,1490,4716,0.315945717
3,30-Day MH Engagement in Care,4,COVERAGE CATEGORY BY PROVIDER REGION,FFS-REST OF STATE,Youth-Art28 and 31,2015,Q4,109,289,0.37716263,452,1179,0.383375742
3,30-Day MH Engagement in Care,2,COVERAGE CATEGORY,HARP,Adult-Art28 and 31,2015,Q4,273,583,0.468267581,273,583,0.468267581
3,30-Day MH Engagement in Care,4,COVERAGE CATEGORY BY PROVIDER REGION,HARP-NEW YORK CITY,Adult-Art28 and 31,2015,Q4,273,583,0.468267581,273,583,0.468267581
3,30-Day MH Engagement in Care,2,COVERAGE CATEGORY,HIV SNP,Adult-Art28 and 31,2015,Q4,18,68,0.264705882,93,289,0.321799308
3,30-Day MH Engagement in Care,4,COVERAGE CATEGORY BY PROVIDER REGION,HIV SNP-NEW YORK CITY,Adult-Art28 and 31,2015,Q4,18,68,0.264705882,93,289,0.321799308
3,30-Day MH Engagement in Care,2,COVERAGE CATEGORY,MAINSTREAM,Adult-Art28 and 31,2015,Q4,2342,5117,0.457690053,10847,22615,0.479637409
3,30-Day MH Engagement in Care,2,COVERAGE CATEGORY,MAINSTREAM,Youth-Art28 and 31,2015,Q4,1253,2096,0.597805344,4671,7800,0.598846154
3,30-Day MH Engagement in Care,4,COVERAGE CATEGORY BY PROVIDER REGION,MAINSTREAM-NEW YORK CITY,Adult-Art28 and 31,2015,Q4,1060,2453,0.43212393,5507,11822,0.465826425
3,30-Day MH Engagement in Care,4,COVERAGE CATEGORY BY PROVIDER REGION,MAINSTREAM-NEW YORK CITY,Youth-Art28 and 31,2015,Q4,625,1035,0.603864734,2327,3927,0.592564298
3,30-Day MH Engagement in Care,4,COVERAGE CATEGORY BY PROVIDER REGION,MAINSTREAM-REST OF STATE,Adult-Art28 and 31,2015,Q4,1282,2664,0.481231231,5340,10793,0.494765126
3,30-Day MH Engagement in Care,4,COVERAGE CATEGORY BY PROVIDER REGION,MAINSTREAM-REST OF STATE,Youth-Art28 and 31,2015,Q4,628,1061,0.591894439,2344,3873,0.605215595
3,30-Day MH Engagement in Care,3,PROVIDER REGION,NEW YORK CITY,Adult-Art28 and 31,2015,Q4,1671,4810,0.347401247,7266,19421,0.374131095
3,30-Day MH Engagement in Care,3,PROVIDER REGION,NEW YORK CITY,Youth-Art28 and 31,2015,Q4,716,1362,0.525697504,2669,5243,0.509059699
3,30-Day MH Engagement in Care,3,PROVIDER REGION,REST OF STATE,Adult-Art28 and 31,2015,Q4,1640,3833,0.427863292,6830,15509,0.440389451
3,30-Day MH Engagement in Care,3,PROVIDER REGION,REST OF STATE,Youth-Art28 and 31,2015,Q4,737,1350,0.545925926,2796,5052,0.553444181
3,30-Day MH Engagement in Care,1,STATEWIDE,STATEWIDE,Adult-Art28 and 31,2015,Q4,3311,8643,0.383084577,14096,34930,0.403549957
3,30-Day MH Engagement in Care,1,STATEWIDE,STATEWIDE,Youth-Art28 and 31,2015,Q4,1453,2712,0.535766962,5465,10295,0.530840214
3,30-Day MH Engagement in Care,2,COVERAGE CATEGORY,FFS,Adult-Art28 and 31,2014,Q1,839,2921,0.287230401,839,2921,0.287230401
3,30-Day MH Engagement in Care,2,COVERAGE CATEGORY,FFS,Youth-Art28 and 31,2014,Q1,222,671,0.330849478,222,671,0.330849478
3,30-Day MH Engagement in Care,4,COVERAGE CATEGORY BY PROVIDER REGION,FFS-NEW YORK CITY,Adult-Art28 and 31,2014,Q1,386,1698,0.227326266,386,1698,0.227326266
3,30-Day MH Engagement in Care,4,COVERAGE CATEGORY BY PROVIDER REGION,FFS-NEW YORK CITY,Youth-Art28 and 31,2014,Q1,85,347,0.244956772,85,347,0.244956772
3,30-Day MH Engagement in Care,4,COVERAGE CATEGORY BY PROVIDER REGION,FFS-REST OF STATE,Adult-Art28 and 31,2014,Q1,453,1223,0.370400654,453,1223,0.370400654
3,30-Day MH Engagement in Care,4,COVERAGE CATEGORY BY PROVIDER REGION,FFS-REST OF STATE,Youth-Art28 and 31,2014,Q1,137,324,0.422839506,137,324,0.422839506
3,30-Day MH Engagement in Care,2,COVERAGE CATEGORY,HIV SNP,Adult-Art28 and 31,2014,Q1,32,94,0.340425532,32,94,0.340425532
3,30-Day MH Engagement in Care,4,COVERAGE CATEGORY BY PROVIDER REGION,HIV SNP-NEW YORK CITY,Adult-Art28 and 31,2014,Q1,32,94,0.340425532,32,94,0.340425532
3,30-Day MH Engagement in Care,2,COVERAGE CATEGORY,MAINSTREAM,Adult-Art28 and 31,2014,Q1,2450,4960,0.493951613,2450,4960,0.493951613
3,30-Day MH Engagement in Care,2,COVERAGE CATEGORY,MAINSTREAM,Youth-Art28 and 31,2014,Q1,1124,1779,0.631815627,1124,1779,0.631815627
3,30-Day MH Engagement in Care,4,COVERAGE CATEGORY BY PROVIDER REGION,MAINSTREAM-NEW YORK CITY,Adult-Art28 and 31,2014,Q1,1347,2752,0.489462209,1347,2752,0.489462209
3,30-Day MH Engagement in Care,4,COVERAGE CATEGORY BY PROVIDER REGION,MAINSTREAM-NEW YORK CITY,Youth-Art28 and 31,2014,Q1,598,971,0.615859938,598,971,0.615859938
3,30-Day MH Engagement in Care,4,COVERAGE CATEGORY BY PROVIDER REGION,MAINSTREAM-REST OF STATE,Adult-Art28 and 31,2014,Q1,1103,2208,0.499547101,1103,2208,0.499547101
3,30-Day MH Engagement in Care,4,COVERAGE CATEGORY BY PROVIDER REGION,MAINSTREAM-REST OF STATE,Youth-Art28 and 31,2014,Q1,526,808,0.650990099,526,808,0.650990099
3,30-Day MH Engagement in Care,3,PROVIDER REGION,NEW YORK CITY,Adult-Art28 and 31,2014,Q1,1765,4544,0.388424296,1765,4544,0.388424296
3,30-Day MH Engagement in Care,3,PROVIDER REGION,NEW YORK CITY,Youth-Art28 and 31,2014,Q1,683,1318,0.518209408,683,1318,0.518209408
3,30-Day MH Engagement in Care,3,PROVIDER REGION,REST OF STATE,Adult-Art28 and 31,2014,Q1,1556,3431,0.453512096,1556,3431,0.453512096
3,30-Day MH Engagement in Care,3,PROVIDER REGION,REST OF STATE,Youth-Art28 and 31,2014,Q1,663,1132,0.585689046,663,1132,0.585689046
3,30-Day MH Engagement in Care,1,STATEWIDE,STATEWIDE,Adult-Art28 and 31,2014,Q1,3321,7975,0.416426332,3321,7975,0.416426332
3,30-Day MH Engagement in Care,1,STATEWIDE,STATEWIDE,Youth-Art28 and 31,2014,Q1,1346,2450,0.549387755,1346,2450,0.549387755
3,30-Day MH Engagement in Care,2,COVERAGE CATEGORY,FFS,Adult-Art28 and 31,2014,Q2,840,3002,0.279813458,1679,5923,0.283471214
3,30-Day MH Engagement in Care,2,COVERAGE CATEGORY,FFS,Youth-Art28 and 31,2014,Q2,225,699,0.321888412,447,1370,0.326277372
3,30-Day MH Engagement in Care,4,COVERAGE CATEGORY BY PROVIDER REGION,FFS-NEW YORK CITY,Adult-Art28 and 31,2014,Q2,407,1794,0.226867336,793,3492,0.227090493
3,30-Day MH Engagement in Care,4,COVERAGE CATEGORY BY PROVIDER REGION,FFS-NEW YORK CITY,Youth-Art28 and 31,2014,Q2,109,377,0.289124668,194,724,0.267955801
3,30-Day MH Engagement in Care,4,COVERAGE CATEGORY BY PROVIDER REGION,FFS-REST OF STATE,Adult-Art28 and 31,2014,Q2,433,1208,0.358443709,886,2431,0.36445907
3,30-Day MH Engagement in Care,4,COVERAGE CATEGORY BY PROVIDER REGION,FFS-REST OF STATE,Youth-Art28 and 31,2014,Q2,116,322,0.360248447,253,646,0.391640867
3,30-Day MH Engagement in Care,2,COVERAGE CATEGORY,HIV SNP,Adult-Art28 and 31,2014,Q2,32,91,0.351648352,64,185,0.345945946
3,30-Day MH Engagement in Care,4,COVERAGE CATEGORY BY PROVIDER REGION,HIV SNP-NEW YORK CITY,Adult-Art28 and 31,2014,Q2,32,91,0.351648352,64,185,0.345945946
3,30-Day MH Engagement in Care,2,COVERAGE CATEGORY,MAINSTREAM,Adult-Art28 and 31,2014,Q2,2789,5562,0.501438332,5239,10522,0.497909143
3,30-Day MH Engagement in Care,2,COVERAGE CATEGORY,MAINSTREAM,Youth-Art28 and 31,2014,Q2,1260,1999,0.630315158,2384,3778,0.631021705
3,30-Day MH Engagement in Care,4,COVERAGE CATEGORY BY PROVIDER REGION,MAINSTREAM-NEW YORK CITY,Adult-Art28 and 31,2014,Q2,1542,3051,0.505408063,2889,5803,0.497845942
3,30-Day MH Engagement in Care,4,COVERAGE CATEGORY BY PROVIDER REGION,MAINSTREAM-NEW YORK CITY,Youth-Art28 and 31,2014,Q2,653,1046,0.624282983,1251,2017,0.620228061
3,30-Day MH Engagement in Care,4,COVERAGE CATEGORY BY PROVIDER REGION,MAINSTREAM-REST OF STATE,Adult-Art28 and 31,2014,Q2,1247,2511,0.496614894,2350,4719,0.497986862
3,30-Day MH Engagement in Care,4,COVERAGE CATEGORY BY PROVIDER REGION,MAINSTREAM-REST OF STATE,Youth-Art28 and 31,2014,Q2,607,953,0.636935992,1133,1761,0.643384441
3,30-Day MH Engagement in Care,3,PROVIDER REGION,NEW YORK CITY,Adult-Art28 and 31,2014,Q2,1981,4936,0.401337115,3746,9480,0.395147679
3,30-Day MH Engagement in Care,3,PROVIDER REGION,NEW YORK CITY,Youth-Art28 and 31,2014,Q2,762,1423,0.535488405,1445,2741,0.527179861
3,30-Day MH Engagement in Care,3,PROVIDER REGION,REST OF STATE,Adult-Art28 and 31,2014,Q2,1680,3719,0.451734337,3236,7150,0.452587413
3,30-Day MH Engagement in Care,3,PROVIDER REGION,REST OF STATE,Youth-Art28 and 31,2014,Q2,723,1275,0.567058824,1386,2407,0.575820523
3,30-Day MH Engagement in Care,1,STATEWIDE,STATEWIDE,Adult-Art28 and 31,2014,Q2,3661,8655,0.42299249,6982,16630,0.419843656
3,30-Day MH Engagement in Care,1,STATEWIDE,STATEWIDE,Youth-Art28 and 31,2014,Q2,1485,2698,0.550407709,2831,5148,0.5499223
3,30-Day MH Engagement in Care,2,COVERAGE CATEGORY,FFS,Adult-Art28 and 31,2014,Q3,855,3133,0.272901372,2534,9056,0.279814488
3,30-Day MH Engagement in Care,2,COVERAGE CATEGORY,FFS,Youth-Art28 and 31,2014,Q3,199,610,0.326229508,646,1980,0.326262626
3,30-Day MH Engagement in Care,4,COVERAGE CATEGORY BY PROVIDER REGION,FFS-NEW YORK CITY,Adult-Art28 and 31,2014,Q3,400,1857,0.215401185,1193,5349,0.223032342
3,30-Day MH Engagement in Care,4,COVERAGE CATEGORY BY PROVIDER REGION,FFS-NEW YORK CITY,Youth-Art28 and 31,2014,Q3,98,343,0.285714286,292,1067,0.27366448
3,30-Day MH Engagement in Care,4,COVERAGE CATEGORY BY PROVIDER REGION,FFS-REST OF STATE,Adult-Art28 and 31,2014,Q3,455,1276,0.356583072,1341,3707,0.361748044
3,30-Day MH Engagement in Care,4,COVERAGE CATEGORY BY PROVIDER REGION,FFS-REST OF STATE,Youth-Art28 and 31,2014,Q3,101,267,0.378277154,354,913,0.387732749
3,30-Day MH Engagement in Care,2,COVERAGE CATEGORY,HIV SNP,Adult-Art28 and 31,2014,Q3,24,76,0.315789474,88,261,0.337164751
3,30-Day MH Engagement in Care,4,COVERAGE CATEGORY BY PROVIDER REGION,HIV SNP-NEW YORK CITY,Adult-Art28 and 31,2014,Q3,24,76,0.315789474,88,261,0.337164751
3,30-Day MH Engagement in Care,2,COVERAGE CATEGORY,MAINSTREAM,Adult-Art28 and 31,2014,Q3,2984,5867,0.508607465,8223,16389,0.501738971
3,30-Day MH Engagement in Care,2,COVERAGE CATEGORY,MAINSTREAM,Youth-Art28 and 31,2014,Q3,980,1632,0.600490196,3364,5410,0.62181146
3,30-Day MH Engagement in Care,4,COVERAGE CATEGORY BY PROVIDER REGION,MAINSTREAM-NEW YORK CITY,Adult-Art28 and 31,2014,Q3,1634,3183,0.513352183,4523,8986,0.503338527
3,30-Day MH Engagement in Care,4,COVERAGE CATEGORY BY PROVIDER REGION,MAINSTREAM-NEW YORK CITY,Youth-Art28 and 31,2014,Q3,492,844,0.582938389,1743,2861,0.609227543
3,30-Day MH Engagement in Care,4,COVERAGE CATEGORY BY PROVIDER REGION,MAINSTREAM-REST OF STATE,Adult-Art28 and 31,2014,Q3,1350,2684,0.502980626,3700,7403,0.499797379
3,30-Day MH Engagement in Care,4,COVERAGE CATEGORY BY PROVIDER REGION,MAINSTREAM-REST OF STATE,Youth-Art28 and 31,2014,Q3,488,788,0.61928934,1621,2549,0.635935661
3,30-Day MH Engagement in Care,3,PROVIDER REGION,NEW YORK CITY,Adult-Art28 and 31,2014,Q3,2058,5116,0.402267396,5804,14596,0.39764319
3,30-Day MH Engagement in Care,3,PROVIDER REGION,NEW YORK CITY,Youth-Art28 and 31,2014,Q3,590,1187,0.49705139,2035,3928,0.518075356
3,30-Day MH Engagement in Care,3,PROVIDER REGION,REST OF STATE,Adult-Art28 and 31,2014,Q3,1805,3960,0.455808081,5041,11110,0.453735374
3,30-Day MH Engagement in Care,3,PROVIDER REGION,REST OF STATE,Youth-Art28 and 31,2014,Q3,589,1055,0.558293839,1975,3462,0.570479492
3,30-Day MH Engagement in Care,1,STATEWIDE,STATEWIDE,Adult-Art28 and 31,2014,Q3,3863,9076,0.42562803,10845,25706,0.421885941
3,30-Day MH Engagement in Care,1,STATEWIDE,STATEWIDE,Youth-Art28 and 31,2014,Q3,1179,2242,0.525869759,4010,7390,0.542625169
3,30-Day MH Engagement in Care,2,COVERAGE CATEGORY,FFS,Adult-Art28 and 31,2014,Q4,768,3009,0.255234297,3302,12065,0.273684211
3,30-Day MH Engagement in Care,2,COVERAGE CATEGORY,FFS,Youth-Art28 and 31,2014,Q4,218,683,0.319180088,864,2663,0.324446113
3,30-Day MH Engagement in Care,4,COVERAGE CATEGORY BY PROVIDER REGION,FFS-NEW YORK CITY,Adult-Art28 and 31,2014,Q4,364,1820,0.2,1557,7169,0.217185103
3,30-Day MH Engagement in Care,4,COVERAGE CATEGORY BY PROVIDER REGION,FFS-NEW YORK CITY,Youth-Art28 and 31,2014,Q4,91,364,0.25,383,1431,0.267645003
3,30-Day MH Engagement in Care,4,COVERAGE CATEGORY BY PROVIDER REGION,FFS-REST OF STATE,Adult-Art28 and 31,2014,Q4,404,1189,0.339781329,1745,4896,0.356413399
3,30-Day MH Engagement in Care,4,COVERAGE CATEGORY BY PROVIDER REGION,FFS-REST OF STATE,Youth-Art28 and 31,2014,Q4,127,319,0.398119122,481,1232,0.390422078
3,30-Day MH Engagement in Care,2,COVERAGE CATEGORY,HIV SNP,Adult-Art28 and 31,2014,Q4,20,70,0.285714286,108,331,0.326283988
3,30-Day MH Engagement in Care,4,COVERAGE CATEGORY BY PROVIDER REGION,HIV SNP-NEW YORK CITY,Adult-Art28 and 31,2014,Q4,20,70,0.285714286,108,331,0.326283988
3,30-Day MH Engagement in Care,2,COVERAGE CATEGORY,MAINSTREAM,Adult-Art28 and 31,2014,Q4,2742,5596,0.489992852,10965,21985,0.498749147
3,30-Day MH Engagement in Care,2,COVERAGE CATEGORY,MAINSTREAM,Youth-Art28 and 31,2014,Q4,1259,2028,0.620808679,4623,7438,0.621538048
3,30-Day MH Engagement in Care,4,COVERAGE CATEGORY BY PROVIDER REGION,MAINSTREAM-NEW YORK CITY,Adult-Art28 and 31,2014,Q4,1466,3010,0.487043189,5989,11996,0.49924975
3,30-Day MH Engagement in Care,4,COVERAGE CATEGORY BY PROVIDER REGION,MAINSTREAM-NEW YORK CITY,Youth-Art28 and 31,2014,Q4,643,1088,0.590992647,2386,3949,0.604203596
3,30-Day MH Engagement in Care,4,COVERAGE CATEGORY BY PROVIDER REGION,MAINSTREAM-REST OF STATE,Adult-Art28 and 31,2014,Q4,1276,2586,0.493426141,4976,9989,0.498147963
3,30-Day MH Engagement in Care,4,COVERAGE CATEGORY BY PROVIDER REGION,MAINSTREAM-REST OF STATE,Youth-Art28 and 31,2014,Q4,616,940,0.655319149,2237,3489,0.641157925
3,30-Day MH Engagement in Care,3,PROVIDER REGION,NEW YORK CITY,Adult-Art28 and 31,2014,Q4,1850,4900,0.37755102,7654,19496,0.392593352
3,30-Day MH Engagement in Care,3,PROVIDER REGION,NEW YORK CITY,Youth-Art28 and 31,2014,Q4,734,1452,0.505509642,2769,5380,0.514684015
3,30-Day MH Engagement in Care,3,PROVIDER REGION,REST OF STATE,Adult-Art28 and 31,2014,Q4,1680,3775,0.445033113,6721,14885,0.451528384
3,30-Day MH Engagement in Care,3,PROVIDER REGION,REST OF STATE,Youth-Art28 and 31,2014,Q4,743,1259,0.590150913,2718,4721,0.575725482
3,30-Day MH Engagement in Care,1,STATEWIDE,STATEWIDE,Adult-Art28 and 31,2014,Q4,3530,8675,0.406916427,14375,34381,0.418108839
3,30-Day MH Engagement in Care,1,STATEWIDE,STATEWIDE,Youth-Art28 and 31,2014,Q4,1477,2711,0.544817411,5487,10101,0.543213543
